[{"model": "main_app.salonuser", "pk": "c37fb973-1727-43d9-9d26-712f10d27f67", "fields": {"password": "123###321@", "last_login": null, "is_superuser": false, "username": "TerryAnne", "first_name": "Terry", "last_name": "Ann", "email": "terryann@gmail.com", "is_staff": false, "is_active": true, "date_joined": "2021-11-23T07:07:27Z", "is_salon_owner": true, "is_salon_customer": false, "phone_number": "0789567456", "date_of_birth": null, "nationality": "Japanese", "city": "Tokyo", "groups": [], "user_permissions": []}}, {"model": "main_app.salonuser", "pk": "cca6c619-7565-4249-8160-f5e19e79ff9b", "fields": {"password": "pbkdf2_sha256$150000$I5H0kX7YtNKh$KyhNDkNAJyI0GXTHkiaRr5AVc+xV/wZ2YphJON8+jPE=", "last_login": "2022-05-19T11:23:59.909Z", "is_superuser": true, "username": "salonadmin", "first_name": "", "last_name": "", "email": "salonadmin@salonapi.com", "is_staff": true, "is_active": true, "date_joined": "2021-11-23T03:46:28Z", "is_salon_owner": false, "is_salon_customer": false, "phone_number": "0768456234", "date_of_birth": null, "nationality": "Japanese", "city": "Tokyo", "groups": [], "user_permissions": []}}, {"model": "main_app.salonuser", "pk": "ea9c41f8-85ed-438d-b15c-5e1802ec892b", "fields": {"password": "pbkdf2_sha256$150000$fMegG9hCyyZ7$8kXuYoVz2IE8Hq1b47Mu1jmiMkTehwkv9Z9aM3NKkR4=", "last_login": "2022-05-15T13:50:41.853Z", "is_superuser": false, "username": "kithiki", "first_name": "", "last_name": "", "email": "kithiki@gmail.com", "is_staff": false, "is_active": true, "date_joined": "2022-05-15T13:45:57.314Z", "is_salon_owner": false, "is_salon_customer": false, "phone_number": "", "date_of_birth": null, "nationality": "", "city": "", "groups": [], "user_permissions": []}}, {"model": "main_app.salon", "pk": "5c56fb0f-1bcd-4b0c-bee3-6c318cb0e64e", "fields": {"country": "Japan", "city": "Tokyo", "region": "Kanto", "postal_code": "184-0004", "street": "kajinocho", "latitude": null, "longitude": null, "owner": "ea9c41f8-85ed-438d-b15c-5e1802ec892b", "business_name": "Kithiki Salon", "business_phone_number": "08967456", "business_email": "kim@salonparadise.com", "price_range": "2500 - 10,000", "created": "2021-11-23T15:48:27.822Z"}}, {"model": "main_app.salon", "pk": "87a2636e-749e-4130-b21b-d2a0319d6c99", "fields": {"country": "UAE", "city": "Abhu Dhabi", "region": "UAE", "postal_code": "184-0002", "street": "Khailifa Street", "latitude": "12.670000", "longitude": "34.780000", "owner": "cca6c619-7565-4249-8160-f5e19e79ff9b", "business_name": "Burj Khalifa", "business_phone_number": "0768456789", "business_email": "khalifa@gmail.com", "price_range": "1500 - 2500", "created": "2022-05-15T08:30:20.298Z"}}, {"model": "main_app.salon", "pk": "8dfa9546-5d91-4fe3-b3c7-d607326a2261", "fields": {"country": "Japan", "city": "Tokyo", "region": "Kanto", "postal_code": "184-0003", "street": "Midoricho", "latitude": null, "longitude": null, "owner": "c37fb973-1727-43d9-9d26-712f10d27f67", "business_name": "Terry Ann Salon", "business_phone_number": "0789567897", "business_email": "terry@terrysalon.com", "price_range": "1500 - 2500", "created": "2021-11-23T07:13:47.754Z"}}, {"model": "main_app.saloncustomer", "pk": "5c4fe9d5-0cd3-4dea-abe0-ff768d38f356", "fields": {"country": "Kenya", "city": "Nairobi", "region": "Kahawa", "postal_code": "0800", "street": "Kahawa Drive", "latitude": null, "longitude": null, "bio_description": "", "first_name": "Sussie", "last_name": "Busby", "gender": "F", "registered_by": "ea9c41f8-85ed-438d-b15c-5e1802ec892b", "salon_branch": "5c56fb0f-1bcd-4b0c-bee3-6c318cb0e64e", "created": "2022-05-19T12:22:49.900Z"}}, {"model": "main_app.saloncustomer", "pk": "846faebf-4c82-47e8-bf11-bd03489787fa", "fields": {"country": "Kenya", "city": "Nairobi", "region": "Runda", "postal_code": "08933", "street": "Runda Drive", "latitude": null, "longitude": null, "bio_description": "", "first_name": "Cecile", "last_name": "Mbaya", "gender": "F", "registered_by": "cca6c619-7565-4249-8160-f5e19e79ff9b", "salon_branch": "87a2636e-749e-4130-b21b-d2a0319d6c99", "created": "2022-05-19T12:27:14.250Z"}}, {"model": "main_app.saloncustomer", "pk": "91503871-10da-49d0-9b98-88f98b48f976", "fields": {"country": "Kenya", "city": "Nairobi", "region": "Kenyatta Market", "postal_code": "02000", "street": "KUku Drive", "latitude": null, "longitude": null, "bio_description": "", "first_name": "Mercilyne", "last_name": "Mbogo", "gender": "F", "registered_by": "c37fb973-1727-43d9-9d26-712f10d27f67", "salon_branch": "8dfa9546-5d91-4fe3-b3c7-d607326a2261", "created": "2022-05-19T12:23:49.350Z"}}, {"model": "main_app.saloncustomer", "pk": "a6b313a5-8e1c-430e-8602-971c58f88a12", "fields": {"country": "Kenya", "city": "Thika", "region": "Thika", "postal_code": "03400", "street": "Thika drive", "latitude": null, "longitude": null, "bio_description": "", "first_name": "Cathy", "last_name": "Lovi", "gender": "F", "registered_by": "c37fb973-1727-43d9-9d26-712f10d27f67", "salon_branch": "8dfa9546-5d91-4fe3-b3c7-d607326a2261", "created": "2022-05-19T12:24:49.464Z"}}, {"model": "main_app.saloncustomer", "pk": "c1c73377-ea78-44c8-8e2f-fe0f8f7138c2", "fields": {"country": "Kenya", "city": "Nairobi", "region": "Rongai", "postal_code": "04300", "street": "Rongao drive", "latitude": null, "longitude": null, "bio_description": "", "first_name": "Lilian", "last_name": "Mbuvi", "gender": "F", "registered_by": "cca6c619-7565-4249-8160-f5e19e79ff9b", "salon_branch": "87a2636e-749e-4130-b21b-d2a0319d6c99", "created": "2022-05-19T12:25:37.177Z"}}, {"model": "main_app.saloncustomer", "pk": "e40b9e1a-deb4-4644-b8d1-6bbb4bad6ff6", "fields": {"country": "Kenya", "city": "Nairobi", "region": "Kileleshwa", "postal_code": "01000", "street": "Moi Drive", "latitude": null, "longitude": null, "bio_description": "", "first_name": "TomSawyer", "last_name": "Mbudi", "gender": "M", "registered_by": "ea9c41f8-85ed-438d-b15c-5e1802ec892b", "salon_branch": "5c56fb0f-1bcd-4b0c-bee3-6c318cb0e64e", "created": "2022-05-19T12:21:41.043Z"}}, {"model": "main_app.servicecategory", "pk": "0bc2e389-70cb-426e-870d-afbc4bf05f26", "fields": {"category_description": "Massage Services", "owner": "cca6c619-7565-4249-8160-f5e19e79ff9b", "category_name": "Massage Services", "created": "2022-05-19T11:28:30.759Z"}}, {"model": "main_app.servicecategory", "pk": "4dd9929f-3aa5-4a91-ad28-b2d9f30c7e33", "fields": {"category_description": "Hair Service Category", "owner": "cca6c619-7565-4249-8160-f5e19e79ff9b", "category_name": "Hair Services", "created": "2022-05-19T11:27:43.093Z"}}, {"model": "main_app.servicecategory", "pk": "c59ecc0b-bc2c-4e4b-8443-bd90c4db1a6d", "fields": {"category_description": "Nail Service Category", "owner": "cca6c619-7565-4249-8160-f5e19e79ff9b", "category_name": "Nail Services", "created": "2022-05-19T11:28:09.213Z"}}, {"model": "main_app.salonservice", "pk": "18d4af99-c3cb-47a2-a4c2-c057eb8c1896", "fields": {"service_name": "Fluffy Kinky Braids", "owner": "c37fb973-1727-43d9-9d26-712f10d27f67", "service_category": "4dd9929f-3aa5-4a91-ad28-b2d9f30c7e33", "linked_business": "8dfa9546-5d91-4fe3-b3c7-d607326a2261", "service_price": "3400.00", "service_duration": "03:00:00", "created": "2022-05-19T11:58:34.042Z"}}, {"model": "main_app.salonservice", "pk": "1d43d327-0b5c-4a94-8814-52f5f9e5eacd", "fields": {"service_name": "Bohemian Twists", "owner": "ea9c41f8-85ed-438d-b15c-5e1802ec892b", "service_category": "4dd9929f-3aa5-4a91-ad28-b2d9f30c7e33", "linked_business": "5c56fb0f-1bcd-4b0c-bee3-6c318cb0e64e", "service_price": "5000.00", "service_duration": "02:00:00", "created": "2022-05-19T11:55:28.165Z"}}, {"model": "main_app.salonservice", "pk": "23ba1257-52d6-4336-bbf0-367f969003e2", "fields": {"service_name": "Dreadlocks Setting", "owner": "ea9c41f8-85ed-438d-b15c-5e1802ec892b", "service_category": "4dd9929f-3aa5-4a91-ad28-b2d9f30c7e33", "linked_business": "5c56fb0f-1bcd-4b0c-bee3-6c318cb0e64e", "service_price": "6000.00", "service_duration": "02:00:00", "created": "2022-05-19T12:00:12.231Z"}}, {"model": "main_app.salonservice", "pk": "25952e4f-4c36-40c7-9e34-64bd0c9f16ef", "fields": {"service_name": "Sea Salt Scrub", "owner": "ea9c41f8-85ed-438d-b15c-5e1802ec892b", "service_category": "0bc2e389-70cb-426e-870d-afbc4bf05f26", "linked_business": "87a2636e-749e-4130-b21b-d2a0319d6c99", "service_price": "2000.00", "service_duration": "01:00:00", "created": "2022-05-19T12:05:58.322Z"}}, {"model": "main_app.salonservice", "pk": "286969cc-0450-4ef5-bff8-252088be4f3d", "fields": {"service_name": "Weave and Lines", "owner": "c37fb973-1727-43d9-9d26-712f10d27f67", "service_category": "4dd9929f-3aa5-4a91-ad28-b2d9f30c7e33", "linked_business": "87a2636e-749e-4130-b21b-d2a0319d6c99", "service_price": "2000.00", "service_duration": "02:00:00", "created": "2022-05-19T11:51:00.888Z"}}, {"model": "main_app.salonservice", "pk": "2a0829c0-df84-408a-ace0-676a4113025c", "fields": {"service_name": "Gel Polish", "owner": "cca6c619-7565-4249-8160-f5e19e79ff9b", "service_category": "c59ecc0b-bc2c-4e4b-8443-bd90c4db1a6d", "linked_business": "87a2636e-749e-4130-b21b-d2a0319d6c99", "service_price": "2000.00", "service_duration": "00:20:00", "created": "2022-05-19T12:03:15.821Z"}}, {"model": "main_app.salonservice", "pk": "30fa6f9c-3901-45bc-9cc0-d81c67c76c43", "fields": {"service_name": "Small Lines", "owner": "c37fb973-1727-43d9-9d26-712f10d27f67", "service_category": "4dd9929f-3aa5-4a91-ad28-b2d9f30c7e33", "linked_business": "8dfa9546-5d91-4fe3-b3c7-d607326a2261", "service_price": "2000.00", "service_duration": "01:00:00", "created": "2022-05-19T11:57:10.848Z"}}, {"model": "main_app.salonservice", "pk": "321421e4-a608-4351-ab02-bf5449b2218f", "fields": {"service_name": "Messy Locs", "owner": "ea9c41f8-85ed-438d-b15c-5e1802ec892b", "service_category": "4dd9929f-3aa5-4a91-ad28-b2d9f30c7e33", "linked_business": "5c56fb0f-1bcd-4b0c-bee3-6c318cb0e64e", "service_price": "2500.00", "service_duration": "03:00:00", "created": "2022-05-19T11:55:54.726Z"}}, {"model": "main_app.salonservice", "pk": "3ccf0977-4b30-438e-9870-3ed326ae4901", "fields": {"service_name": "Fancy Lines", "owner": "cca6c619-7565-4249-8160-f5e19e79ff9b", "service_category": "4dd9929f-3aa5-4a91-ad28-b2d9f30c7e33", "linked_business": "8dfa9546-5d91-4fe3-b3c7-d607326a2261", "service_price": "1500.00", "service_duration": "01:30:00", "created": "2022-05-19T11:49:56.984Z"}}, {"model": "main_app.salonservice", "pk": "4b8655bb-0fa2-4722-9390-473693a9751a", "fields": {"service_name": "Nail Polish", "owner": "cca6c619-7565-4249-8160-f5e19e79ff9b", "service_category": "c59ecc0b-bc2c-4e4b-8443-bd90c4db1a6d", "linked_business": "8dfa9546-5d91-4fe3-b3c7-d607326a2261", "service_price": "1200.00", "service_duration": "00:30:00", "created": "2022-05-19T11:47:17.575Z"}}, {"model": "main_app.salonservice", "pk": "50a6aa8f-492b-48bc-9ae2-e0dde742217c", "fields": {"service_name": "Girls gateaway package", "owner": "cca6c619-7565-4249-8160-f5e19e79ff9b", "service_category": "0bc2e389-70cb-426e-870d-afbc4bf05f26", "linked_business": "87a2636e-749e-4130-b21b-d2a0319d6c99", "service_price": "15000.00", "service_duration": "03:30:00", "created": "2022-05-19T12:05:20.975Z"}}, {"model": "main_app.salonservice", "pk": "62cefda3-f61d-4fb5-a105-c64697422311", "fields": {"service_name": "Lines", "owner": "ea9c41f8-85ed-438d-b15c-5e1802ec892b", "service_category": "4dd9929f-3aa5-4a91-ad28-b2d9f30c7e33", "linked_business": "5c56fb0f-1bcd-4b0c-bee3-6c318cb0e64e", "service_price": "1500.00", "service_duration": "01:30:00", "created": "2022-05-19T11:56:21.439Z"}}, {"model": "main_app.salonservice", "pk": "65d837a3-2bb2-4124-a35f-42aa7517f59f", "fields": {"service_name": "Acrylic Polish", "owner": "cca6c619-7565-4249-8160-f5e19e79ff9b", "service_category": "c59ecc0b-bc2c-4e4b-8443-bd90c4db1a6d", "linked_business": "8dfa9546-5d91-4fe3-b3c7-d607326a2261", "service_price": "1500.00", "service_duration": "00:40:00", "created": "2022-05-19T11:44:16.132Z"}}, {"model": "main_app.salonservice", "pk": "79c6bff9-c98b-457f-934c-0d1be89ecec7", "fields": {"service_name": "Rejuvenating Facial", "owner": "c37fb973-1727-43d9-9d26-712f10d27f67", "service_category": "0bc2e389-70cb-426e-870d-afbc4bf05f26", "linked_business": "8dfa9546-5d91-4fe3-b3c7-d607326a2261", "service_price": "2300.00", "service_duration": "01:00:00", "created": "2022-05-19T12:06:32.306Z"}}, {"model": "main_app.salonservice", "pk": "9bc884a1-b4c6-4964-9558-ae649107fa36", "fields": {"service_name": "Gypsy Locs", "owner": "ea9c41f8-85ed-438d-b15c-5e1802ec892b", "service_category": "4dd9929f-3aa5-4a91-ad28-b2d9f30c7e33", "linked_business": "5c56fb0f-1bcd-4b0c-bee3-6c318cb0e64e", "service_price": "2000.00", "service_duration": "02:00:00", "created": "2022-05-19T11:54:52.364Z"}}, {"model": "main_app.salonservice", "pk": "a407ab7c-3713-45fc-b102-0224b2375824", "fields": {"service_name": "Deep Tissue Massage", "owner": "cca6c619-7565-4249-8160-f5e19e79ff9b", "service_category": "0bc2e389-70cb-426e-870d-afbc4bf05f26", "linked_business": "87a2636e-749e-4130-b21b-d2a0319d6c99", "service_price": "2500.00", "service_duration": "00:30:00", "created": "2022-05-19T12:00:50.038Z"}}, {"model": "main_app.salonservice", "pk": "a93b3a26-f738-45f2-b86b-6482ab4575c5", "fields": {"service_name": "Aroma Hot Stone Ritual", "owner": "cca6c619-7565-4249-8160-f5e19e79ff9b", "service_category": "0bc2e389-70cb-426e-870d-afbc4bf05f26", "linked_business": "87a2636e-749e-4130-b21b-d2a0319d6c99", "service_price": "3400.00", "service_duration": "02:00:00", "created": "2022-05-19T12:08:51.585Z"}}, {"model": "main_app.salonservice", "pk": "ac64fcb9-1127-41c3-a4d7-31217d39fcf2", "fields": {"service_name": "Swedish Massage", "owner": "cca6c619-7565-4249-8160-f5e19e79ff9b", "service_category": "0bc2e389-70cb-426e-870d-afbc4bf05f26", "linked_business": "8dfa9546-5d91-4fe3-b3c7-d607326a2261", "service_price": "4000.00", "service_duration": "00:30:00", "created": "2022-05-19T11:46:02.979Z"}}, {"model": "main_app.salonservice", "pk": "b8a8b0bb-73f1-42d8-b050-231203357097", "fields": {"service_name": "Knotless Braids", "owner": "c37fb973-1727-43d9-9d26-712f10d27f67", "service_category": "c59ecc0b-bc2c-4e4b-8443-bd90c4db1a6d", "linked_business": "8dfa9546-5d91-4fe3-b3c7-d607326a2261", "service_price": "3000.00", "service_duration": "01:00:00", "created": "2022-05-19T11:57:43.722Z"}}, {"model": "main_app.salonservice", "pk": "b8c6173d-be00-43f0-8b7a-661c8747aef3", "fields": {"service_name": "Aromatherapy Massage", "owner": "cca6c619-7565-4249-8160-f5e19e79ff9b", "service_category": "0bc2e389-70cb-426e-870d-afbc4bf05f26", "linked_business": "8dfa9546-5d91-4fe3-b3c7-d607326a2261", "service_price": "2400.00", "service_duration": "00:38:20", "created": "2022-05-19T12:07:24.140Z"}}, {"model": "main_app.salonservice", "pk": "b8f48f33-3d8c-4795-90e1-b614a670af04", "fields": {"service_name": "Corn Rows", "owner": "cca6c619-7565-4249-8160-f5e19e79ff9b", "service_category": "4dd9929f-3aa5-4a91-ad28-b2d9f30c7e33", "linked_business": "8dfa9546-5d91-4fe3-b3c7-d607326a2261", "service_price": "2000.00", "service_duration": "01:30:00", "created": "2022-05-19T11:43:41.912Z"}}, {"model": "main_app.salonservice", "pk": "cc281fed-f4d6-4652-97aa-e9dc06939497", "fields": {"service_name": "Sun Kissed Facial", "owner": "cca6c619-7565-4249-8160-f5e19e79ff9b", "service_category": "0bc2e389-70cb-426e-870d-afbc4bf05f26", "linked_business": "87a2636e-749e-4130-b21b-d2a0319d6c99", "service_price": "2500.00", "service_duration": "00:00:03", "created": "2022-05-19T12:08:01.086Z"}}, {"model": "main_app.salonservice", "pk": "df8ec2bd-f1f6-465f-bc78-f7e0d6b6c248", "fields": {"service_name": "Stick Ons", "owner": "cca6c619-7565-4249-8160-f5e19e79ff9b", "service_category": "c59ecc0b-bc2c-4e4b-8443-bd90c4db1a6d", "linked_business": "8dfa9546-5d91-4fe3-b3c7-d607326a2261", "service_price": "1200.00", "service_duration": "00:50:00", "created": "2022-05-19T11:45:07.002Z"}}, {"model": "main_app.salonservice", "pk": "e5ad9341-5d45-41aa-b8d8-d85dca9e4496", "fields": {"service_name": "Manicure", "owner": "cca6c619-7565-4249-8160-f5e19e79ff9b", "service_category": "c59ecc0b-bc2c-4e4b-8443-bd90c4db1a6d", "linked_business": "87a2636e-749e-4130-b21b-d2a0319d6c99", "service_price": "2500.00", "service_duration": "00:50:00", "created": "2022-05-19T12:03:58.542Z"}}, {"model": "main_app.salonservice", "pk": "e9d1491d-10be-4f6c-8674-9e163a427e0f", "fields": {"service_name": "Ghanian Braids", "owner": "cca6c619-7565-4249-8160-f5e19e79ff9b", "service_category": "4dd9929f-3aa5-4a91-ad28-b2d9f30c7e33", "linked_business": "8dfa9546-5d91-4fe3-b3c7-d607326a2261", "service_price": "2000.00", "service_duration": "01:00:00", "created": "2022-05-19T11:29:29.096Z"}}, {"model": "main_app.salonservice", "pk": "ec9cf390-7752-4f9b-a2af-3c8915f3f3bc", "fields": {"service_name": "Pedicure", "owner": "cca6c619-7565-4249-8160-f5e19e79ff9b", "service_category": "c59ecc0b-bc2c-4e4b-8443-bd90c4db1a6d", "linked_business": "87a2636e-749e-4130-b21b-d2a0319d6c99", "service_price": "1000.00", "service_duration": "00:30:00", "created": "2022-05-19T12:01:36.166Z"}}, {"model": "main_app.salonservice", "pk": "f09f4955-d3c5-4585-a051-0e872bd6d3b9", "fields": {"service_name": "Spring Twist", "owner": "c37fb973-1727-43d9-9d26-712f10d27f67", "service_category": "4dd9929f-3aa5-4a91-ad28-b2d9f30c7e33", "linked_business": "8dfa9546-5d91-4fe3-b3c7-d607326a2261", "service_price": "2500.00", "service_duration": "03:00:00", "created": "2022-05-19T11:56:49.191Z"}}, {"model": "main_app.salonservice", "pk": "f45d59d9-dff3-43dc-a0e4-081589aaab82", "fields": {"service_name": "KIDS SHAVE", "owner": "cca6c619-7565-4249-8160-f5e19e79ff9b", "service_category": "4dd9929f-3aa5-4a91-ad28-b2d9f30c7e33", "linked_business": "87a2636e-749e-4130-b21b-d2a0319d6c99", "service_price": "800.00", "service_duration": "00:20:00", "created": "2022-05-19T12:02:27.877Z"}}, {"model": "main_app.salonoperationdays", "pk": "0662f738-669c-44c8-9713-4c2a9e767840", "fields": {"owner": "c37fb973-1727-43d9-9d26-712f10d27f67", "linked_business": "8dfa9546-5d91-4fe3-b3c7-d607326a2261", "day_of_week": "Monday", "start_time": "08:00:00", "end_stime": "17:00:00", "created": "2022-05-19T12:14:16.038Z"}}, {"model": "main_app.salonoperationdays", "pk": "1074eae5-5bd8-4ad3-bcbb-91bca77463c5", "fields": {"owner": "ea9c41f8-85ed-438d-b15c-5e1802ec892b", "linked_business": "5c56fb0f-1bcd-4b0c-bee3-6c318cb0e64e", "day_of_week": "Thursday", "start_time": "08:00:00", "end_stime": "19:00:00", "created": "2022-05-19T12:13:01.194Z"}}, {"model": "main_app.salonoperationdays", "pk": "1e176ea6-6523-4fc8-a1bd-6e6bcb9a238b", "fields": {"owner": "ea9c41f8-85ed-438d-b15c-5e1802ec892b", "linked_business": "5c56fb0f-1bcd-4b0c-bee3-6c318cb0e64e", "day_of_week": "Saturday", "start_time": "08:00:00", "end_stime": "17:00:00", "created": "2022-05-19T12:13:47.392Z"}}, {"model": "main_app.salonoperationdays", "pk": "2c36d75e-1fc4-4ca3-ba8e-893b0c3fc2e8", "fields": {"owner": "cca6c619-7565-4249-8160-f5e19e79ff9b", "linked_business": "87a2636e-749e-4130-b21b-d2a0319d6c99", "day_of_week": "Tuesday", "start_time": "09:00:00", "end_stime": "19:00:00", "created": "2022-05-19T12:16:01.554Z"}}, {"model": "main_app.salonoperationdays", "pk": "349d0551-b6a4-444a-8a94-67dd770d6066", "fields": {"owner": "ea9c41f8-85ed-438d-b15c-5e1802ec892b", "linked_business": "5c56fb0f-1bcd-4b0c-bee3-6c318cb0e64e", "day_of_week": "Friday", "start_time": "08:00:00", "end_stime": "19:00:00", "created": "2022-05-19T12:13:21.702Z"}}, {"model": "main_app.salonoperationdays", "pk": "60f1c08c-a631-445f-8eee-56c1570e0a34", "fields": {"owner": "c37fb973-1727-43d9-9d26-712f10d27f67", "linked_business": "8dfa9546-5d91-4fe3-b3c7-d607326a2261", "day_of_week": "Tuesday", "start_time": "08:00:00", "end_stime": "18:00:00", "created": "2022-05-19T12:14:41.051Z"}}, {"model": "main_app.salonoperationdays", "pk": "7997b7b3-898e-43ff-8122-c1cbbd19ee3a", "fields": {"owner": "ea9c41f8-85ed-438d-b15c-5e1802ec892b", "linked_business": "5c56fb0f-1bcd-4b0c-bee3-6c318cb0e64e", "day_of_week": "Wednesday", "start_time": "08:00:00", "end_stime": "17:00:00", "created": "2022-05-19T12:12:35.415Z"}}, {"model": "main_app.salonoperationdays", "pk": "8fe947be-3c54-48dd-9078-2c4ba2c7d863", "fields": {"owner": "cca6c619-7565-4249-8160-f5e19e79ff9b", "linked_business": "87a2636e-749e-4130-b21b-d2a0319d6c99", "day_of_week": "MOnday", "start_time": "08:00:00", "end_stime": "17:00:00", "created": "2022-05-19T12:10:33.683Z"}}, {"model": "main_app.salonoperationdays", "pk": "d37edd45-aee7-4020-ae8c-58b437a73101", "fields": {"owner": "cca6c619-7565-4249-8160-f5e19e79ff9b", "linked_business": "87a2636e-749e-4130-b21b-d2a0319d6c99", "day_of_week": "Thursday", "start_time": "08:00:00", "end_stime": "19:00:00", "created": "2022-05-19T12:16:23.458Z"}}, {"model": "main_app.salonoperationdays", "pk": "e66325e1-f8d2-4e62-9d94-f49ef59daf29", "fields": {"owner": "c37fb973-1727-43d9-9d26-712f10d27f67", "linked_business": "8dfa9546-5d91-4fe3-b3c7-d607326a2261", "day_of_week": "Wednesday", "start_time": "09:00:00", "end_stime": "18:00:00", "created": "2022-05-19T12:15:19.819Z"}}, {"model": "main_app.salonoperationdays", "pk": "e7cf3ec8-f955-4148-acee-87c62524078d", "fields": {"owner": "ea9c41f8-85ed-438d-b15c-5e1802ec892b", "linked_business": "5c56fb0f-1bcd-4b0c-bee3-6c318cb0e64e", "day_of_week": "Tuesday", "start_time": "08:00:00", "end_stime": "18:00:00", "created": "2022-05-19T12:12:12.597Z"}}, {"model": "main_app.salonoperationdays", "pk": "eb52d10f-0aa9-4c85-9a93-a80b96e181f3", "fields": {"owner": "ea9c41f8-85ed-438d-b15c-5e1802ec892b", "linked_business": "5c56fb0f-1bcd-4b0c-bee3-6c318cb0e64e", "day_of_week": "Monday", "start_time": "08:00:00", "end_stime": "18:00:00", "created": "2022-05-19T12:11:37.721Z"}}, {"model": "main_app.salonoperationdays", "pk": "f132c25b-29b5-4163-b561-9ecdbe438f8c", "fields": {"owner": "cca6c619-7565-4249-8160-f5e19e79ff9b", "linked_business": "87a2636e-749e-4130-b21b-d2a0319d6c99", "day_of_week": "Tuesday", "start_time": "08:00:00", "end_stime": "17:00:00", "created": "2022-05-19T12:11:05.447Z"}}, {"model": "main_app.salonoperationdays", "pk": "fb667344-ca56-46fe-be7e-92d9e475a651", "fields": {"owner": "cca6c619-7565-4249-8160-f5e19e79ff9b", "linked_business": "87a2636e-749e-4130-b21b-d2a0319d6c99", "day_of_week": "Saturday", "start_time": "09:00:00", "end_stime": "17:00:00", "created": "2022-05-19T12:17:27.346Z"}}, {"model": "main_app.salonoperationdays", "pk": "fb9306f5-aec6-47d5-a519-64119f18b313", "fields": {"owner": "cca6c619-7565-4249-8160-f5e19e79ff9b", "linked_business": "87a2636e-749e-4130-b21b-d2a0319d6c99", "day_of_week": "Friday", "start_time": "09:00:00", "end_stime": "20:00:00", "created": "2022-05-19T12:16:45.872Z"}}, {"model": "main_app.salonoperationdays", "pk": "fe55759d-93b2-4845-a7bb-6014913b6199", "fields": {"owner": "cca6c619-7565-4249-8160-f5e19e79ff9b", "linked_business": "87a2636e-749e-4130-b21b-d2a0319d6c99", "day_of_week": "Monday", "start_time": "09:00:00", "end_stime": "18:00:00", "created": "2022-05-19T12:15:41.034Z"}}, {"model": "main_app.salonstylist", "pk": "4dc8a15a-f428-43c7-84ca-bb52c423136b", "fields": {"owner": "ea9c41f8-85ed-438d-b15c-5e1802ec892b", "first_name": "Carol", "last_name": "Mbaya", "phone_number": "021478965", "email": "carol@gmail.com", "salon_services": "79c6bff9-c98b-457f-934c-0d1be89ecec7", "salon": "87a2636e-749e-4130-b21b-d2a0319d6c99", "working_days": "fb9306f5-aec6-47d5-a519-64119f18b313", "created": "2022-05-19T12:20:18.167Z"}}, {"model": "main_app.salonstylist", "pk": "5b782a94-ad5c-4028-86a3-3e841bd09571", "fields": {"owner": "ea9c41f8-85ed-438d-b15c-5e1802ec892b", "first_name": "Mueni", "last_name": "Flora", "phone_number": "0725147896", "email": "mueni@gmail.com", "salon_services": "a407ab7c-3713-45fc-b102-0224b2375824", "salon": "8dfa9546-5d91-4fe3-b3c7-d607326a2261", "working_days": "2c36d75e-1fc4-4ca3-ba8e-893b0c3fc2e8", "created": "2022-05-19T12:19:09.462Z"}}, {"model": "main_app.salonstylist", "pk": "a8a6052e-3b08-47dc-8525-decc354b65da", "fields": {"owner": "ea9c41f8-85ed-438d-b15c-5e1802ec892b", "first_name": "Tom", "last_name": "Guard", "phone_number": "0712456789", "email": "tom@gmail.com", "salon_services": "cc281fed-f4d6-4652-97aa-e9dc06939497", "salon": "5c56fb0f-1bcd-4b0c-bee3-6c318cb0e64e", "working_days": "fe55759d-93b2-4845-a7bb-6014913b6199", "created": "2022-05-19T12:18:15.435Z"}}, {"model": "main_app.cancellationreason", "pk": "06e2040f-016a-489b-97a4-8edfb395aa84", "fields": {"owner": "ea9c41f8-85ed-438d-b15c-5e1802ec892b", "cancellation_reason": "request by Customer", "added_date": "2022-05-19T12:29:14.331Z"}}, {"model": "main_app.cancellationreason", "pk": "6a462086-6ca8-4479-ac0e-14219ab75c05", "fields": {"owner": "ea9c41f8-85ed-438d-b15c-5e1802ec892b", "cancellation_reason": "No Show Up", "added_date": "2022-05-19T12:29:24.790Z"}}]